-- phpMyAdmin SQL Dump
-- version 4.8.3
-- https://www.phpmyadmin.net/
--
-- Host: localhost
-- Generation Time: Dec 15, 2018 at 11:41 AM
-- Server version: 10.3.10-MariaDB
-- PHP Version: 7.2.11

SET SQL_MODE = "NO_AUTO_VALUE_ON_ZERO";
SET AUTOCOMMIT = 0;
START TRANSACTION;
SET time_zone = "+00:00";


/*!40101 SET @OLD_CHARACTER_SET_CLIENT=@@CHARACTER_SET_CLIENT */;
/*!40101 SET @OLD_CHARACTER_SET_RESULTS=@@CHARACTER_SET_RESULTS */;
/*!40101 SET @OLD_COLLATION_CONNECTION=@@COLLATION_CONNECTION */;
/*!40101 SET NAMES utf8mb4 */;

--
-- Database: `pttool_dev`
--

--
-- Dumping data for table `projects`
--

INSERT INTO `projects` (`id`, `project_name`, `project_price`, `status`, `actual_completion_date`, `start_date`, `ETA`, `profit_or_loss`, `created_at`, `updated_at`, `deleted_at`) VALUES
(1, 'Project 1', 500, 'Inprogress', NULL, '2018-09-01', '2018-11-30', 0, '2018-11-10 04:21:21', '2018-11-10 04:21:21', NULL),
(2, 'Project 2', 0, 'Inprogress', NULL, '2018-10-10', '2018-12-31', 0, '2018-11-10 06:34:38', '2018-11-10 06:34:38', NULL),
(3, 'Project 3', 0, 'Inprogress', NULL, '2018-09-20', '2018-10-17', 0, '2018-11-10 09:08:13', '2018-11-10 09:08:13', NULL),
(4, 'Project 4', 0, 'Inprogress', NULL, '2018-11-08', '2018-11-30', 0, '2018-11-10 09:09:00', '2018-11-10 09:09:00', NULL);

--
-- Dumping data for table `resources`
--

INSERT INTO `resources` (`id`, `resource_name`, `hourly_rate`, `created_at`, `updated_at`) VALUES
(1, 'developer1', 0.8, '2018-11-10 04:23:32', '2018-12-11 06:10:06'),
(2, 'developer2', 2, '2018-11-10 04:24:41', '2018-11-27 04:52:13'),
(3, 'Resource 3', 23, '2018-11-27 03:30:35', '2018-11-27 03:32:09');

--
-- Dumping data for table `users`
--

INSERT INTO `users` (`id`, `name`, `email`, `email_verified_at`, `password`, `remember_token`, `created_at`, `updated_at`) VALUES
(1, 'admin', 'admin@gmail.com', NULL, '$2y$10$639n6bvSBLj9XBAINu8n4.gWt7ZmQAm74WcO/NRU1qyr3H1apCVWG', 'gjsv0qVmLXgaizJKPPkJSTJ5C675L3JIOcCPHO2PMPrWrQZDRiDJOMYIpQsx', '2018-11-09 06:50:59', '2018-11-09 06:50:59');

--
-- Dumping data for table `workhours`
--

INSERT INTO `workhours` (`id`, `date`, `no_of_hours`, `hourly_rate`, `note`, `project_id`, `resource_id`, `workhour_status`, `workhour_updatedate`, `created_at`, `updated_at`, `deleted_at`) VALUES
(1, '2018-09-17', 2, 10, '', 1, 1, 0, NULL, '2018-11-10 04:25:58', '2018-11-10 04:25:58', NULL),
(2, '2018-10-18', 2.5, 10, '', 1, 1, 0, NULL, '2018-11-10 04:28:44', '2018-11-10 05:37:21', NULL),
(3, '2018-09-20', 2, 10, '', 1, 1, 0, NULL, '2018-11-10 05:30:44', '2018-11-10 05:30:44', NULL),
(4, '2018-10-24', 1, 10, '', 1, 1, 0, NULL, '2018-11-10 05:34:51', '2018-11-10 05:34:51', NULL),
(5, '2018-09-26', 1, 10, '', 1, 1, 0, NULL, '2018-11-10 05:36:54', '2018-11-10 05:36:54', NULL),
(6, '2018-09-27', 1, 10, '', 1, 1, 0, NULL, '2018-11-10 05:38:49', '2018-11-10 05:38:49', NULL),
(7, '2018-10-01', 4, 10, '', 1, 1, 0, NULL, '2018-11-10 05:39:35', '2018-11-10 05:39:35', NULL),
(8, '2018-10-03', 8, 4, '', 1, 2, 0, NULL, '2018-11-10 05:40:02', '2018-11-10 05:40:02', NULL),
(9, '2018-11-04', 4, 4, '', 1, 2, 0, NULL, '2018-11-10 05:43:05', '2018-11-10 05:43:20', NULL),
(10, '2018-10-09', 3, 10, '', 1, 1, 0, NULL, '2018-11-10 05:44:13', '2018-11-10 05:44:13', NULL),
(11, '2018-10-11', 2, 10, '', 1, 1, 0, NULL, '2018-11-10 05:45:14', '2018-11-10 05:45:14', NULL),
(12, '2018-10-15', 1, 10, '', 1, 1, 0, NULL, '2018-11-10 05:46:50', '2018-11-10 05:46:50', NULL),
(13, '2018-10-15', 2.5, 4, '', 1, 2, 0, NULL, '2018-11-10 05:47:17', '2018-11-10 05:47:17', NULL),
(14, '2018-10-18', 1.25, 4, '', 1, 2, 0, NULL, '2018-11-10 05:59:17', '2018-11-10 05:59:17', NULL),
(15, '2018-09-20', 1.2, 4, '', 1, 2, 0, NULL, '2018-11-10 05:59:49', '2018-11-10 05:59:49', NULL),
(16, '2018-10-24', 2, 4, '', 1, 2, 0, NULL, '2018-11-10 06:00:19', '2018-11-10 06:00:19', NULL),
(17, '2018-10-25', 3.5, 4, '', 1, 2, 0, NULL, '2018-11-10 06:00:53', '2018-11-10 06:00:53', NULL),
(18, '2018-10-26', 0.5, 4, '', 1, 2, 0, NULL, '2018-11-10 06:01:15', '2018-11-10 06:01:15', NULL),
(19, '2018-10-27', 3.5, 4, '', 1, 2, 0, NULL, '2018-11-10 06:01:47', '2018-11-10 06:01:47', NULL),
(20, '2018-11-02', 1, 4, '', 1, 2, 0, NULL, '2018-11-10 06:02:10', '2018-11-10 06:11:52', NULL),
(21, '2018-10-18', 3, 10, '', 1, 1, 0, NULL, '2018-11-10 06:08:46', '2018-11-10 06:08:46', NULL),
(22, '2018-10-23', 1, 10, '', 1, 1, 0, NULL, '2018-11-10 06:09:15', '2018-11-10 06:09:15', NULL),
(23, '2018-10-24', 2, 10, '', 1, 1, 0, NULL, '2018-11-10 06:09:39', '2018-11-10 06:09:39', NULL),
(24, '2018-10-26', 3, 10, '', 1, 1, 0, NULL, '2018-11-10 06:10:12', '2018-11-10 06:10:12', NULL),
(25, '2018-11-02', 2.5, 10, '', 1, 1, 0, NULL, '2018-11-10 06:10:38', '2018-11-10 06:10:38', NULL),
(26, '2018-11-03', 3, 10, '', 1, 1, 0, NULL, '2018-11-10 06:11:08', '2018-11-10 06:12:03', NULL),
(27, '2018-11-04', 2, 10, '', 1, 1, 0, NULL, '2018-11-10 06:12:41', '2018-11-10 06:12:41', NULL),
(28, '2018-11-05', 1, 10, '', 1, 1, 0, NULL, '2018-11-10 06:13:12', '2018-11-10 06:13:12', NULL),
(29, '2018-11-07', 0.5, 10, '', 1, 1, 0, NULL, '2018-11-10 06:13:36', '2018-11-10 06:13:36', NULL),
(30, '2018-10-11', 7.5, 0.8, '', 2, 2, 0, NULL, '2018-11-10 06:38:03', '2018-11-10 06:39:59', NULL),
(31, '2018-10-12', 8.5, 0.8, '', 2, 2, 0, NULL, '2018-11-10 06:42:43', '2018-11-10 06:42:43', NULL),
(32, '2018-10-17', 7.5, 0.8, '', 2, 2, 0, NULL, '2018-11-10 06:44:59', '2018-11-10 06:44:59', NULL),
(33, '2018-10-18', 4.5, 0.8, '', 2, 2, 0, NULL, '2018-11-10 06:46:37', '2018-11-10 06:46:37', NULL),
(34, '2018-10-19', 7.5, 0.8, '', 2, 2, 0, NULL, '2018-11-10 06:47:21', '2018-11-10 06:47:21', NULL),
(35, '2018-10-20', 7, 0.8, '', 2, 2, 0, NULL, '2018-11-10 06:47:56', '2018-11-10 06:47:56', NULL),
(36, '2018-10-22', 3.5, 0.8, '', 2, 2, 0, NULL, '2018-11-10 06:49:11', '2018-11-10 06:49:11', NULL),
(37, '2018-10-24', 3, 0.8, '', 2, 2, 0, NULL, '2018-11-10 06:50:09', '2018-11-10 06:50:09', NULL),
(38, '2018-10-25', 3, 0.8, '', 2, 2, 0, NULL, '2018-11-10 06:50:38', '2018-11-10 06:50:38', NULL),
(39, '2018-10-26', 8, 0.8, '', 2, 2, 0, NULL, '2018-11-10 06:52:24', '2018-11-10 06:52:24', NULL),
(40, '2018-10-27', 5, 0.8, '', 2, 2, 0, NULL, '2018-11-10 06:53:05', '2018-11-10 06:53:05', NULL),
(41, '2018-10-30', 8.5, 0.8, '', 2, 2, 0, NULL, '2018-11-10 06:54:28', '2018-11-10 06:54:28', NULL),
(42, '2018-10-31', 7, 0.8, '', 2, 2, 0, NULL, '2018-11-10 06:55:23', '2018-11-10 06:55:23', NULL),
(43, '2018-11-01', 8.5, 0.8, '', 2, 2, 0, NULL, '2018-11-10 06:56:29', '2018-11-10 06:56:29', NULL),
(44, '2018-11-02', 7, 0.8, '', 2, 2, 0, NULL, '2018-11-10 06:57:02', '2018-11-10 06:57:02', NULL),
(45, '2018-11-14', 2, 1, 'Note', 2, 2, 0, NULL, '2018-11-27 04:51:29', '2018-11-27 04:51:29', NULL),
(46, '2018-12-11', 12, 2, NULL, 2, 2, 0, NULL, '2018-12-11 06:13:21', '2018-12-11 06:13:21', NULL);
COMMIT;

/*!40101 SET CHARACTER_SET_CLIENT=@OLD_CHARACTER_SET_CLIENT */;
/*!40101 SET CHARACTER_SET_RESULTS=@OLD_CHARACTER_SET_RESULTS */;
/*!40101 SET COLLATION_CONNECTION=@OLD_COLLATION_CONNECTION */;
